1,Pikachu,Electric,35,55,40,A Small Yellow Mouse-Like Pokemon Known For Its Electic Abilities.
2,JigglyPuff,Normal/Fairy,115,45,20,A Pink, Round Pokemon That Sings To Put Others To Sleep.
3,Squirtle,Water,44,48,65,A Small Turtle-Like Pokemon With A Shell.
4,Gengar,Ghost/Poison,60,65,60,A Mischievous Pokemon That Lurks In The Shadows And Causes Nightmares.
5,Alakazam,Psychic,55,50,45,A Highly Intelligent Pokemon With Powerful Psychic Abilities.
6,Tyranitar,Rock/Dark,100,134,110,A Fearsome Pokemon With Incredible Durability And Attack Power.
7,Gardevoir,Psychic/Fairy,68,65,65,A Graceful Pokemon That Can Sense Emotions And Protect Its Trainer.
8,Blaziken,Fire/Fighting,80,120,70,A Fiery Pokemon With Powerful Kicks And Intense Battle Spirit.
9,Houndoom,Dark/Fire,75,90,50,A Fearsome Pokemon That Breathes Fire Infused With Dark Energy.
10,Scizor,Bug/Steel,70,130,100,A Swift Pokemon With Razor-Sharp Pincers.
11,Charmander,Fire,39,52,43,A Small Lizard-Like Pokemon With Flame On Its Tail.
